name,ra_j2000_formula,dec_j2000_formula
USco J160603.75-221930.0,241.5157,-22.325
USco J160714.79-232101.2,241.8116,-23.3504
USco J160606.29-233513.3,241.5262,-23.587
USco J160727.82-223904.0,241.8659,-22.651
USco J160723.82-221102.0,241.8493,-22.1839
USco J160828.47-231510.4,242.1187,-23.2529
USco J161441.68-235105.9,243.6737,-23.8516
USco J160818.43-223225.0,242.0768,-22.5403
PSO J239.7016-23.2664,239.7016,-23.2664
USco1556 B,239.0977,-25.6849
USco1621 B,245.368,-25.4989
USco J154722.82-213914.3,236.8451,-21.6539
USco J161228.95-215936.1,243.1206,-21.9933
2MASSW J0208183+254253,32.0766,25.7148
DENIS-P J154747.2-242349,236.9466,-24.3971
SDSS J155644.35+172308.9,239.1848,17.3858
2MASSW J0208549+250048,32.2292,25.0135
SDSS J133316.06+374421.7,203.3169,37.7393
2MASS J00550564+0134365,13.7736,1.5769
PSO J346.5281-15.9406,346.5277,-15.9407
2MASSI J1600054+170832,240.0228,17.1424
WISEA J010202.11+035541.4,15.5077,3.928
2MASS J13264464+3627407,201.686,36.4613
2MASS J00521232+0012172,13.0515,0.2049
2MASSW J0036159+182110,9.0671,18.3529
2MASS J15500845+1455180,237.5352,14.9215
SDSSp J010752.33+004156.1,16.968,0.6991
2MASS J13364062+3743230,204.1691,37.723
SDSS J004154.54+134135.5,10.4773,13.6932
2MASS J13061727+3820296,196.572,38.3416
SDSS J135712.40+142839.8,209.3016,14.4778
WISEPA J020625.26+264023.6,31.6048,26.673
SIMP J12113013+0406096,182.8756,4.1027
2MASSW J0820299+450031,125.1249,45.0087
SDSS J104409.43+042937.6,161.0393,4.4938
SDSS J154849.02+172235.4,237.2046,17.3766
WISEA J004403.39+022810.6,11.0138,2.4698
SDSSp J005406.55-003101.8,13.5274,-0.5173
2MASS J13580384+1458204,209.516,14.9723
WISEA J103602.80+030615.6,159.0129,3.1044
WISEA J041232.77+104408.3,63.1362,10.7355
SDSS J003843.99+134339.5,9.6833,13.7276
WISEA J131845.58+362614.0,199.6903,36.4372
ULAS J134414.90+092405.0,206.0619,9.4013
SDSS J104625.76+042441.0,161.6073,4.4113
ULAS J141203.85+121609.9,213.0165,12.2694
2MASS J13170488+3447513,199.2704,34.7976
2MASS J03552337+1133437,58.8474,11.5622
SDSS J104842.84+011158.5,162.1784,1.1995
2MASSW J0228110+253738,37.046,25.6273
DENIS J0031192-384035,7.8304,-38.6767
2MASS J13313310+3407583,202.888,34.1328
2MASSW J1615441+355900,243.934,35.9832
2MASS J00165953-4056541,4.2481,-40.9483
2MASS J14075361+1241099,211.9734,12.6861
SDSS J034408.91+011124.9,56.0372,1.1903
2MASSW J0147334+345311,26.8894,34.8864
SDSSp J144600.60+002452.0,221.5025,0.4144
2MASSW J0208236+273740,32.0986,27.6277
SDSS J080959.01+443422.2,122.4948,44.5719
WISEPC J004928.48+044100.1,12.3678,4.6826
2MASS J00344300-4102266,8.6792,-41.0407
SDSS J104922.45+012559.2,162.3435,1.4331
WISEP J131141.91+362925.2,197.9259,36.4899
SDSS J085805.47+221457.8,134.5229,22.2495
SIMP J16055741+1931115,241.4892,19.5199
SIMP J03570493+1529270,59.2707,15.4907
HIP 63506C,195.2108,42.2464
SDSS J035308.54+103056.0,58.2853,10.5157
PSO J057.2893+15.2433,57.2892,15.2437
2MASS J04234652+0843211,65.9438,8.7225
2MASS J12123389+0206280,183.1412,2.1078
ULAS J121238.72+000721.9,183.1614,0.1227
SDSS J042230.66+072342.9,65.6274,7.3958
ULAS J014103.30+131832.6,25.2633,13.3104
CWISE J042731.38+074344.9,66.8803,7.7294
WISEA J020229.29+230513.9,30.6215,23.0871
SDSS J142612.86+313039.4,216.5538,31.5111
WISEA J002050.25-151913.1,5.2089,-15.3203
2MASS J14193789+3333326,214.9077,33.5591
2MASSI J0224367+253704,36.1529,25.6179
2MASS J01001471-0301494,15.0613,-3.0304
2MASS J00135882-1816462,3.4953,-18.2797
ULAS J141710.01+131737.1,214.292,13.2936
2MASSI J0104075-005328,16.0315,-0.8913
2MASS J01394906+3427226,24.9545,34.4563
WISEA J034409.71+013641.5,56.0405,1.6123
SDSSp J131415.52-000848.1,198.5647,-0.1467
WISEA J032838.73+015517.7,52.1609,1.9222
2MASS J16091143+2116584,242.2977,21.2829
2MASS J00062250+1300451,1.5937,13.0125
SDSS J143211.74-005900.8,218.0489,-0.9835
2MASS J08443811+2226161,131.1588,22.4378
WISEA J003052.08-380829.6,7.7166,-38.1414
SDSS J103026.78+021306.4,157.6117,2.2185
2MASSW J0045214+163445,11.3392,16.5791
2MASSW J1155395-372735,178.9147,-37.4599
SDSSp J120358.19+001550.3,180.9922,0.2639
SDSSp J085758.45+570851.4,134.4936,57.1476
2MASSI J0825196+211552,126.3317,21.2643
2MASSI J1430435+291540,217.6815,29.2613
2MASSW J1338261+414034,204.6089,41.676
DENIS-P J1159+0057,179.9104,0.9574
2MASS J00285545-1927165,7.231,-19.4546
2MASS J01311838+3801554,22.8267,38.0321
DENIS-P J104731.1-181558,161.8794,-18.266
2MASS J00332386-1521309,8.3495,-15.3586
SDSS J132715.21+075937.5,201.8136,7.9938
2MASS J16304139+0938446,247.6725,9.6457
SDSS J080531.84+481233.0,121.3827,48.2092
2MASS J10513331-1916530,162.8888,-19.2814
2MASS J00193927-3724392,4.9137,-37.4109
SDSS J085836.98+271050.8,134.6539,27.1811
SDSS J084333.28+102443.5,130.8885,10.4131
2MASSW J1343167+394508,205.8194,39.7525
SDSSp J033035.13-002534.5,52.6464,-0.4264
2MASSI J0856479+223518,134.1996,22.5884
SDSS J162603.03+211313.0,246.5126,21.2204
Hya05,59.679,10.6609
2MASSW J0030438+313932,7.6827,31.6589
2MASSI J0006205-172051,1.5854,-17.3475
SIMP J10035482-1441534,150.9783,-14.6981
2MASS J00133470+1109403,3.3946,11.1612
2MASS J02411151-0326587,40.298,-3.4497
SDSSp J032817.38+003257.2,52.0725,0.5492
SIMP J11411438+1941149,175.3099,19.6874
CWISE J031042.59+204629.3,47.6767,20.7749
2MASSW J1553214+210907,238.3392,21.1521
2MASSI J0028394+150141,7.1643,15.0282
HIP 6407B,20.5707,3.5232
PSO J316.1306-09.6562,316.1304,-9.6561
SDSS J000646.81+151225.8,1.695,15.2072
SIMP J23225888+1300322,350.7455,13.0087
SDSSp J003259.36+141036.6,8.2473,14.1769
WISEA J143211.17+324433.8,218.0469,32.7427
WISEA J022721.93+235654.3,36.8403,23.9488
SDSS J144016.20+002638.9,220.0675,0.4441
SDSS J134329.01+131226.2,205.8712,13.2074
SDSS J000632.60+140606.3,1.6358,14.1018
SIMP J14111847+2948515,212.827,29.8143
2MASS J15565004+1449081,239.2083,14.8192
2MASS J23053808+0524070,346.4087,5.402
SDSS J143933.44+031759.2,219.8893,3.2997
2MASS J04380349+0700551,69.5146,7.0153
SDSS J134203.11+134022.2,205.5129,13.6729
2MASS J16095469+1426422,242.4779,14.4451
2MASS J00435012+0928429,10.9589,9.4786
ULAS J034150.21+042324.9,55.4594,4.3903
SIMP J01481626+3712421,27.0678,37.2117
2MASS J21163374-0729200,319.1405,-7.4889
2MASS J11060459-1907025,166.5191,-19.1174
SIMP J04292691+0607368,67.3622,6.1269
WISEA J232219.45-140726.2,350.5799,-14.1233
2MASS J04241856+0637448,66.0774,6.6293
SDSS J161626.46+221859.2,244.1104,22.3165
SDSS J143535.72-004347.0,218.8989,-0.7298
2MASS J14124574+3403074,213.1906,34.0521
2MASS J14232186+6154005,215.8408,61.9001
PSO J158.1597+05.2231,158.1603,5.2234
2MASS J16360752+2336011,249.0314,23.6003
PSO J060.3200+25.9645,60.3199,25.9646
ULAS J223636.89+011132.3,339.1539,1.1924
2MASS J03140344+1603056,48.5143,16.0515
2MASS J10511900+5613086,162.8291,56.2191
2MASSW J1146345+223053,176.6438,22.5146
2MASSI J2104149-103736,316.0623,-10.627
2MASS J00464841+0715177,11.7017,7.2549
DENIS-P J225210.73-173013.4,343.0448,-17.5039
2MASS J12565688+0146163,194.237,1.7712
SIPS J0050-1538,12.6017,-15.6387
2MASSI J1104012+195921,166.0053,19.9894
2MASP J0345432+254023,56.4298,25.6731
2MASSI J0408290-145033,62.1211,-14.8427
2MASS J21371044+1450475,324.2935,14.8466
2MASS J13384944+0437315,204.706,4.6254
2MASSI J2107316-030733,316.882,-3.126
2MASSW J0135358+120522,23.8994,12.0894
2MASSW J1246467+402715,191.6949,40.4542
2MASS J17111353+2326333,257.8063,23.4426
SSSPM J2310-1759,347.577,-17.986
2MASSI J0316451-284852,49.1881,-28.8145
2MASS J14283132+5923354,217.1304,59.3932
DENIS J1004403-131818,151.1679,-13.3053
2MASS J04012977-4050448,60.3741,-40.8458
GJ 618.1B,245.109,-4.2755
2MASS J23211254-1326282,350.3024,-13.4412
2MASS J17461199+5034036,266.5499,50.5676
2MASS J15392137+6502364,234.8391,65.0435
SSSPM J2400-2008,359.9902,-20.1279
2MASSI J1059513-211308,164.9642,-21.219
2MASS J04070752+1546457,61.7814,15.7793
SDSS J000112.18+153535.5,0.3007,15.5932
2MASS J09054654+5623117,136.4439,56.3866
2MASS J10430758+2225236,160.7815,22.4234
2MASS J04203904+2355502,65.1626,23.9306
WISE J162359.70-050811.4,245.9992,-5.1353
2MASS J15311344+1641282,232.806,16.6912
2MASS J13204427+0409045,200.1845,4.1513
2MASSW J0310599+164816,47.7495,16.8043
SDSS J093113.23+280227.1,142.8047,28.0412
SIMP J23094559+1003122,347.4399,10.0535
NLTT 44368B,257.989,54.5113
SDSS J081757.49+182405.0,124.4895,18.4014
WISE J080700.23+413026.8,121.7511,41.5084
SDSSp J125737.26-011336.1,194.4053,-1.2268
PM I13518+4157B,207.9478,41.9633
PSO J149.0341-14.7857,149.0339,-14.7853
WISE J173332.50+314458.3,263.3865,31.7493
SDSSp J224953.45+004404.2,342.4727,0.7346
GD 165B,216.1629,9.2863
2MASSI J0241536-124106,40.4738,-12.6853
SDSS J083506.16+195304.4,128.7759,19.8847
2MASS J03274091-3148156,51.9204,-31.8043
2MASSW J0030300-145033,7.6256,-14.8427
SIMP J01512665+3824122,27.8611,38.4034
2MASS J00150673+3006004,3.7781,30.1001
2MASS J17081563+2557474,257.0651,25.9632
CWISE J014611.20-050850.0,26.5464,-5.1463
SDSS J023547.56-084919.8,38.9482,-8.8222
PSO J353.6355+13.2209,353.6354,13.2209
SDSS J080048.13+465825.5,120.2006,46.9738
SDSSp J023617.93+004855.0,39.0748,0.8152
SDSS J140023.12+433822.3,210.0966,43.6394
2MASS J03530419+0418193,58.2674,4.3054
WISEA J145642.68+645009.7,224.1792,64.8358
WISEA J003338.45+282732.4,8.4111,28.4597
SIMP J04173264-1345388,64.386,-13.7609
Hya03,62.5996,14.9862
SDSS J101742.51+431057.9,154.4271,43.1828
SDSS J213240.36+102949.4,323.1681,10.497
SDSS J151506.11+443648.3,228.7753,44.6134
2MASSW J0801405+462850,120.4189,46.4803
SIMP J22455168+1722276,341.4653,17.3747
SDSS J161731.65+401859.7,244.3819,40.3167
SDSS J091750.34+294445.0,139.4598,29.7459
2MASSW J0129122+351758,22.3011,35.2995
SDSS J085116.20+181730.0,132.8178,18.2917
SDSS J173101.41+531047.9,262.7559,53.18
WISEA J000627.85+185728.8,1.6158,18.9587
SIMP J22543828+1640488,343.6595,16.6801
SIMP J04210695-1133431,65.2791,-11.562
2MASS J0249-0557 c,42.4766,-5.9671
2MASSI J0328426+230205,52.1776,23.0348
SDSS J143242.10+345142.7,218.1757,34.8619
WISEA J014535.23-031412.9,26.3965,-3.2366
2MASS J01341675-0546530,23.5698,-5.7814
PSO J231.7900-26.4494,231.79,-26.4494
2MASS J10293958+5715445,157.4148,57.2623
SIMP J16280690+0517027,247.0287,5.2841
2MASS J01262109+1428057,21.5879,14.4683
ULAS J013243.81+055232.2,23.1822,5.8755
SDSS J112615.25+012048.2,171.5638,1.3467
SDSS J090023.68+253934.3,135.0987,25.6596
WISEA J045900.42-285338.3,74.7516,-28.8942
SDSS J020608.97+223559.2,31.537,22.5998
WISEA J004713.81-371033.7,11.8061,-37.1744
2MASS J08270185+4129191,126.7578,41.4886
PM I13410+0542B,205.2598,5.7135
PSO J023.8557+02.0884,23.8555,2.0898
SIMP J23302193+1006003,352.5915,10.1002
WISEA J170726.69+545109.3,256.8621,54.8533
2MASSI J1711457+223204,257.9405,22.5345
SIMP J11430272+1905440,175.7613,19.0953
2MASS J23004298+0200145,345.1791,2.004
SDSS J012743.51+135420.9,21.9313,13.9058
2MASS J03492367+0635078,57.3486,6.5855
2MASS J12172372-0237369,184.3489,-2.6269
SIMP J21174252-0611132,319.4271,-6.187
2MASS J15293306+6730215,232.3878,67.506
2MASS J09083688+5526401,137.1536,55.4445
SIMP J17084651+260644,257.1938,26.1125
2MASS J00501561+1012431,12.5651,10.212
2MASS J21203387-0747208,320.1412,-7.7891
SDSS J161459.98+400435.1,243.7501,40.0763
2MASS J16194822-0425366,244.9509,-4.4268
WISEA J232307.08+054113.0,350.7801,5.6873
SDSS J171147.17+233130.5,257.9465,23.5252
PSO J229.2354-26.6737,229.2355,-26.6737
ULAS J084849.71+071512.0,132.2071,7.2541
SIMP J02512861-0818254,42.8691,-8.3072
2MASS J17440969+5135032,266.0404,51.5842
2MASS J16123860+3126489,243.1609,31.4469
SIMP J13391950+1523440,204.8311,15.3954
SDSS J162255.27+115924.1,245.7304,11.99
SIMP J10441549+0620138,161.0646,6.3373
ULAS J143615.75+072056.8,219.0655,7.3492
SDSS J162051.17+323732.1,245.213,32.6256
2MASS J16005759+3021571,240.2399,30.3659
SDSS J213352.72+101841.0,323.4696,10.3112
ULAS J135556.12+085054.3,208.984,8.8486
WISEA J025954.88-314655.6,44.9793,-31.7817
2MASS J16135698+4019158,243.4872,40.3212
2MASS J10592523+5659596,164.8551,57
2MASS J01412651+1001339,25.3605,10.0261
2MASS J01343635-0145444,23.6515,-1.7624
SIMP J11473434+2153590,176.8932,21.8998
2MASS J12453705+4028456,191.4045,40.4793
2MASS J16410015+1335591,250.2506,13.5997
ULAS J140152.43+090733.1,210.4687,9.1258
SIMP J22484809-0126570,342.2005,-1.449
2MASSI J0746425+200032,116.6772,20.0089
2MASS J17072343-0558249,256.8476,-5.9737
LSR J0602+3910,90.6269,39.1829
2MASS J17312974+2721233,262.8739,27.3565
Kelu-1,196.4174,-25.6849
2MASSI J0251148-035245,42.8125,-3.88
2MASSI J1807159+501531,271.8164,50.2588
WISE J040137.21+284951.7,60.4066,28.8313
2MASSI J1438082+640836,219.5345,64.1434
2MASS J05002100+0330501,75.0875,3.5139
2MASSI J1045240-014957,161.3499,-1.8327
2MASSW J1552591+294849,238.2461,29.8135
2MASSI J0445538-304820,71.4746,-30.8057
2MASS J01443536-0716142,26.1475,-7.2706
2MASS J05431887+6422528,85.8285,64.3814
2MASSW J1515008+484742,228.7536,48.7948
2MASS J02271036-1624479,36.793,-16.4132
2MASS J10224821+5825453,155.7009,58.4293
Gaia J041246.85-073416.8,63.1934,-7.5695
2MASSW J1448256+103159,222.1068,10.5331
2MASS J01282664-5545343,22.111,-55.7595
WISE J062442.37+662625.6,96.174,66.442
2MASS J05012406-0010452,75.3504,-0.1793
2MASS J02572581-3105523,44.3577,-31.0978
DENIS-P J1058.7-1548,164.6993,-15.8048
WISEA J050048.17+044214.2,75.2004,4.704
2MASS J06022216+6336391,90.5924,63.6108
2MASS J00531899-3631102,13.3291,-36.5195
DENIS-P J144137.2-094558,220.4048,-9.7665
2MASS J17114559+4028578,257.9401,40.4827
2MASS J16573454+1054233,254.394,10.9065
2MASSI J0512063-294954,78.0265,-29.8316
SIMP J04172478+1634364,64.3533,16.5768
DENIS-P J035726.9-441730,59.3623,-44.2918
2MASS J11533966+5032092,178.4153,50.5359
SDSS J171714.10+652622.2,259.3086,65.4395
SSSPM J0219-1939,34.8669,-19.6448
2MASS J01550354+0950003,28.7648,9.8334
DENIS J2354599-185221,358.7497,-18.8727
2MASSI J2254519-284025,343.7164,-28.6737
2MASS J03185403-3421292,49.7253,-34.3581
2MASSW J0051107-154417,12.795,-15.738
2MASSW J2244316+204343,341.1322,20.7285
DENIS J1206501-393725,181.7088,-39.6239
2MASSI J1315309-264951,198.8786,-26.8311
2MASSW J0829066+145622,127.2776,14.9395
2MASSW J1326201-272937,201.5836,-27.4936
2MASS J12073804-3909050,181.9085,-39.1514
2MASS J03582255-4116060,59.5939,-41.2683
2MASS J03264225-2102057,51.6761,-21.035
DENIS J2308113-272200,347.0475,-27.3668
SDSS J153453.33+121949.2,233.722,12.3304
2MASSW J1035245+250745,158.8522,25.1291
2MASS J16062665+6837268,241.611,68.6241
2MASSI J0443058-320209,70.7743,-32.0358
2MASS J21321145+1341584,323.0477,13.6995
2MASS J00282091+2249050,7.0875,22.8178
SDSSp J083008.12+482847.4,127.534,48.4799
HIP 2397B,7.6033,22.7469
2MASSW J1632291+190441,248.1216,19.0779
2MASS J03101401-2756452,47.5583,-27.946
SDSS J142257.15+082752.1,215.7383,8.465
SDSS J001911.65+003017.8,4.7986,0.5049
2MASS J02265658-5327032,36.7358,-53.4509
SDSSp J132629.82-003831.5,201.6242,-0.6421
2MASS J03250136+2253039,51.2559,22.8843
2MASSI J0409095+210439,62.2897,21.0775
SDSS J115553.86+055957.5,178.9747,5.9994
2MASSI J0013578-223520,3.4908,-22.589
2MASS J17392515+2454421,264.8548,24.9118
PSO J243.9421+67.2075,243.9431,67.2073
2MASS J04474307-1936045,71.9295,-19.6013
SIMP J11220855+0343193,170.5357,3.7221
SDSS J133148.92-011651.4,202.9538,-1.2809
SDSS J094047.88+294653.0,145.1996,29.7815
SDSS J125137.76+462025.9,192.9074,46.3408
SIMP J11322058-3809562,173.0858,-38.1656
SDSS J145325.89+142041.8,223.3577,14.3447
2MASS J04250679-4255085,66.2783,-42.9191
2MASSW J0850359+105716,132.6496,10.9544
SIMP J1501530-013506,225.4709,-1.5853
SDSS J121951.45+312849.4,184.9647,31.4804
2MASSW J0944027+313132,146.0116,31.5258
SDSS J172244.32+632946.8,260.6847,63.4963
SIMP J02110979-1427349,32.7908,-14.4598
PSO J348.8808+06.2873,348.8807,6.2874
2MASSW J0355419+225702,58.9247,22.9505
2MASS J12074836-3900043,181.9515,-39.0012
2MASS J18131803+5101246,273.325,51.0236
PSO J052.7214-03.8409,52.7218,-3.8411
PSO J007.9194+33.5961,7.9195,33.5961
WISEA J095729.41+462413.5,149.3743,46.4048
WISEA J022609.16-161000.4,36.5377,-16.1665
2MASS J10271549+5445175,156.8146,54.7549
2MASS J00150206+2959323,3.7586,29.9923
2MASS J01244599-5745379,21.1916,-57.7606
SDSS J143832.63+572216.9,219.6359,57.3714
SDSS J163359.23-064056.5,248.4972,-6.6821
PSO J135.0395+32.0845,135.0399,32.0846
SDSS J163030.53+434404.0,247.6273,43.7343
SDSS J001608.44-004302.3,4.0352,-0.7174
2MASS J04185879-4507413,64.745,-45.1282
PSO J231.8943-29.0599,231.8943,-29.0599
ULAS2MASS J1452+1114,223.0076,11.2498
2MASS J01183399+1810542,19.6416,18.1817
SIMP J04175143-1838320,64.4645,-18.6422
2MASS J13184794+1736117,199.6998,17.6032
2MASS J14403186-1303263,220.1329,-13.0573
SIMP J04005763-1322024,60.2401,-13.3674
2MASS J12304562+2827583,187.6901,28.4662
WISEA J112859.45+511016.8,172.2483,51.1722
PSO J054.3866+11.5361,54.3865,11.5362
SDSS J164439.66+260013.3,251.1652,26.0036
ULAS J122325.69+044827.6,185.8571,4.8077
SDSS J115013.17+052012.3,177.555,5.3369
SDSS J081253.19+372104.2,123.2217,37.3512
PSO J342.3797-16.4665,342.3785,-16.467
NLTT 26746B,168.7561,16.1174
2MASS J12563961-2718455,194.165,-27.3126
2MASS J00065552+0236376,1.7315,2.6104
WISEA J032440.23-191905.6,51.168,-19.3176
SDSS J084106.85+603506.3,130.2785,60.5852
2MASS J14313545-0313117,217.8977,-3.2199
WISEA J043642.75+190134.8,69.1779,19.0264
PSO J341.7509-15.1075,341.7507,-15.1077
2MASSW J0306268+154514,46.612,15.7536
2MASS J04232191-0803051,65.8413,-8.0514
2MASS J17320014+2656228,263.0006,26.9397
2MASS J11191046+0552484,169.7936,5.8801
2MASSI J0302012+135814,45.5051,13.9706
SDSS J112647.03+581632.2,171.6959,58.2757
WISEA J000622.67-131955.2,1.5953,-13.3308
WISE J023038.90-022554.0,37.6612,-2.4319
2MASS J01340281+0508125,23.5118,5.1368
2MASS J02304442-3027275,37.6851,-30.4575
PSO J344.8146+20.1917,344.8145,20.1917
WISEA J000131.93-084126.9,0.382,-8.69
WISEA J120104.57+573004.2,180.2684,57.5011
CWISE J033817.87+171744.1,54.5738,17.2958
SDSS J225913.88-005158.2,344.8079,-0.8662
2MASS J13042886-0032410,196.1203,-0.5448
WISEA J144033.28-080406.9,220.138,-8.068
WISEA J153358.52+475706.9,233.4944,47.9518
SIMP J10390822+2440446,159.7842,24.679
WISE J151314.61+401935.6,228.3106,40.3265
SIMP J14154242+2635040,213.9268,26.5844
SDSS J074007.30+200921.9,115.0297,20.1559
BD+60 1417B,190.885,60.0242
2MASS J17153111+1054108,258.8796,10.903
WISEA J225333.00-253948.0,343.387,-25.6633
WISEA J215550.34-195428.4,328.9599,-19.9068
2MASS J04373705+2331080,69.4044,23.5188
SIMP J16133450-0747057,243.3936,-7.785
2MASS J16382073+1327354,249.5864,13.4597
2MASS J09175418+6028065,139.4757,60.4685
PSO J175.2003+16.1403,175.2003,16.1404
SDSS J135923.99+472843.2,209.85,47.4787
SIMP J09514402-1343474,147.9333,-13.7299
2MASS J16370238+2520386,249.26,25.3441
2MASS J13023811+5650212,195.6588,56.8392
PSO J346.3203-11.1654,346.3199,-11.1655
SIMP J08511977+1043470,132.8322,10.7298
PSO J350.4673-19.0783,350.4671,-19.0782
PSO J127.4696+10.5777,127.4697,10.5778
2MASS J11282763+5934003,172.115,59.5667
2MASS J12352675+4124310,188.8613,41.4087
2MASS J02292794-0053282,37.3665,-0.8912
2MASS J10524963+1858151,163.2067,18.9709
ULAS J230424.80+130111.3,346.1035,13.0201
SDSS J084016.42+543002.1,130.0685,54.5006
ULAS J112029.65-004440.6,170.1235,-0.7446
SDSS J003609.26+241343.3,9.0386,24.2287
ULAS J031451.72+045346.2,48.7155,4.8961
WISE J222219.93+302601.4,335.5829,30.433
SIMP J00132128+0841006,3.3389,8.6835
2MASS J04144158+2809583,63.6731,28.1663
SIMP J03314657+1944246,52.9441,19.7401
2MASS J10551343+2504028,163.8058,25.0674
PSO J228.6775-29.7088,228.6774,-29.7088
SIMP J00081285+0806441,2.0536,8.1122
2MASS J14192618+5919047,214.8593,59.3179
ULAS J001836.51-002559.1,4.6519,-0.4331
SIMP J11303803+2341480,172.6584,23.6967
SDSS J142227.25+221557.1,215.6134,22.2659
SIMP J10520466+1722433,163.0197,17.3787
LP 944-20,54.8969,-35.4288
2MASSW J1507476-162738,226.9487,-16.4611
LHS 102BC,1.1453,-40.7351
SSSPM J0829-1309,127.1424,-13.1555
DENIS-P J142527.97-365023.4,216.3666,-36.8398
2MASSW J1439284+192915,219.8673,19.4878
2MASSW J1506544+132106,226.7264,13.3517
2MASSW J1300425+191235,195.1771,19.2096
2MASSW J2224438-015852,336.1827,-1.9815
DENIS-P J170548.38-051645.7,256.4514,-5.2795
G 196-3B,151.086,50.3832
2MASS J13475911-7610054,206.9961,-76.1681
2MASSW J0015447+351603,3.9366,35.2674
SSSPM J2307-5009,346.7449,-50.1497
2MASSI J0451009-340214,72.7539,-34.0375
2MASSI J1721039+334415,260.2651,33.738
2MASSI J0439010-235308,69.7542,-23.8857
DENIS-P J1745346-164053,266.3944,-16.6817
2MASSW J1239272+551537,189.8637,55.2603
2MASSI J0908380+503208,137.1584,50.5356
2MASSW J0141032+180450,25.2635,18.0806
2MASSI J1029216+162652,157.3404,16.4478
2MASS J05301261+6253254,82.5525,62.8904
DENIS J020529.0-115925,31.3724,-11.9916
2MASS J11544223-3400390,178.6759,-34.0109
2MASS J15230657-2347526,230.7773,-23.798
2MASSI J1213033-043243,183.2639,-4.5455
2MASS J21373742+0808463,324.4058,8.1462
2MASS J23174712-4838501,349.4463,-48.6473
2MASSW J0832045-012835,128.0188,-1.4767
SDSS J092308.70+234013.7,140.7859,23.671
2MASSI J0218291-313322,34.6213,-31.5564
2MASS J22431696-5932206,340.8207,-59.539
2MASS J20135152-2806020,303.4647,-28.1006
2MASSW J1018588-290953,154.7449,-29.1649
2MASS J14090310-3357565,212.263,-33.9657
2MASSI J1305410+204639,196.4211,20.7776
2MASS J21580457-1550098,329.519,-15.8361
DENIS J1707252-013809,256.8554,-1.636
2MASS J23440624-0733282,356.026,-7.5579
2MASS J08355829+0548308,128.9929,5.8086
SDSS J161928.31+005011.9,244.868,0.8366
ULAS J010907.51+062559.0,17.2805,6.4327
2MASSW J1411175+393636,212.8224,39.6101
2MASS J04362054-4218523,69.0856,-42.3145
SDSS J081110.35+185527.9,122.7932,18.9245
2MASS J08234818+2428577,125.9507,24.4827
EROS-MP J0032-4405,8.2327,-44.0849
SIMP J09475068+0617139,146.9612,6.2872
2MASS J09593276+4523309,149.8865,45.3919
2MASSW J0337036-175807,54.2649,-17.9688
DENIS J2139136-352950,324.8069,-35.4974
WISEA J020047.29-510521.4,30.1962,-51.089
SDSS J163256.13+350507.2,248.2338,35.0854
2MASSW J0205034+125142,31.2645,12.8617
DENIS J0230450-095305,37.6875,-9.8848
2MASS J02192196+0506306,34.8415,5.1085
2MASSI J0453264-175154,73.3603,-17.8651
SDSS J151240.67+340350.1,228.1693,34.0639
2MASS J23254530+4251488,351.4388,42.8634
2MASS J02103857-3015313,32.6607,-30.2587
WISEA J174336.62+154901.3,265.9017,15.8173
2MASS J05184616-2756457,79.6924,-27.946
2MASSW J1728114+394859,262.0479,39.8165
2MASSI J1726000+153819,261.5003,15.6386
2MASS J08194351-0450071,124.9313,-4.8353
SIMP J23444256+0909020,356.1773,9.1506
PSO J277.3873+26.0116,277.3865,26.0118
2MASS J00182834-6703130,4.618,-67.0536
WISE J165842.56+510335.0,254.6786,51.0605
2MASS J15382417-1953116,234.6007,-19.8866
HD 89744B,155.562,41.2407
2MASSI J1526140+204341,231.5584,20.7279
2MASS J11124910-2044315,168.2046,-20.7421
2MASS J22134491-2136079,333.4372,-21.6023
2MASS J01205114-5200349,20.2131,-52.0097
SIMP J22355244+0418563,338.9685,4.3157
PSO J149.1907-19.1730,149.191,-19.173
2MASS J14182962-3538060,214.6235,-35.635
2MASSW J1438549-130910,219.7292,-13.1529
2MASS J00191296-6226005,4.8038,-62.4334
SIMP J21543454-1055308,328.644,-10.9253
2MASSW J2208136+292121,332.0569,29.356
WISEA J082640.45-164031.8,126.6684,-16.6754
2MASSW J0309088-194938,47.2871,-19.8275
2MASS J00040288-6410358,1.012,-64.1766
SDSS J115940.72+540938.6,179.9198,54.1607
PSO J039.6352-21.7746,39.635,-21.7742
SDSS J165329.69+623136.5,253.3737,62.5268
2MASSW J0918382+213406,139.6592,21.5682
SSSPM J0134-6315,23.3853,-63.2449
Gl 584C,230.8443,30.2489
2MASSW J1122362-391605,170.651,-39.2682
SDSS J133345.36-021600.2,203.4391,-2.2667
2MASS J11193254-1137466,169.8854,-11.6297
WISE J233527.07+451140.9,353.8629,45.1948
2MASS J21395208+2148397,324.967,21.811
2MASS J08254335-0029110,126.4306,-0.4864
2MASSW J1328550+211449,202.2293,21.2467
WISEPA J164715.59+563208.2,251.8158,56.535
2MASS J11181292-0856106,169.5539,-8.9363
2MASS J15515237+0941148,237.9682,9.6875
SDSS J142058.30+213156.6,215.2434,21.5321
2MASS J03001631+2130205,45.068,21.5057
PM I22118-1005B,332.9218,-10.1384
PSO J358.5527+22.1393,358.5524,22.1396
WISEA J212354.78-365223.4,320.9767,-36.8725
WISEA J015812.03+323157.9,29.5488,32.5336
SDSS J074838.61+174332.9,117.161,17.7259
2MASS J22120703+3430351,333.0293,34.5098
WISE J135307.51-085712.0,208.2823,-8.9533
SDSS J085234.90+472035.0,133.1454,47.3431
WISEA J005811.69-565332.1,14.5476,-56.8924
NLTT 31450B,189.955,32.1515
WISEA J131211.10-761740.9,198.0488,-76.2932
WISEA J211807.07-321713.5,319.5291,-32.2861
2MASS J23253519+4608098,351.3966,46.1361
2MASS J17120142+3108217,258.0059,31.1393
PM I23492+3458B,357.313,34.9823
2MASS J23155665-4747315,348.9862,-47.7921
WISEA J010738.75-131413.7,16.9112,-13.237
PSO J319.7576-13.0982,319.7571,-13.0982
SDSS J151110.91+434036.3,227.7954,43.6769
SIMP J13174922+0448149,199.4552,4.8041
Hya09,71.6473,14.8572
WISEA J235422.31-081129.7,358.5927,-8.1914
HIP 73169B,224.2985,-6.324
2MASS J15543602+2724487,238.6501,27.4136
ULAS J225016.39+080822.4,342.5678,8.1402
COCONUTS-3B,123.3429,-15.3679
WISEPC J232728.75-273056.5,351.8689,-27.5159
WISE J173859.27+614242.1,264.7468,61.711
2MASS J21015233-2944050,315.4681,-29.7348
SDSS J163050.01+005101.3,247.7083,0.8504
SIMP J11384458+0748213,174.6858,7.8059
PSO J255.0913+10.3263,255.0914,10.3264
WISEA J020110.68-523916.9,30.2927,-52.6551
PSO J336.9036-18.9148,336.9029,-18.9153
2MASS J12492272+0310255,192.3448,3.1737
SIMP J21570693-0130348,329.279,-1.5097
2MASS J10212570-2830427,155.3571,-28.5119
PSO J088.0452+43.2123,88.0452,43.2125
2MASS J15025475+5044252,225.7281,50.7404
ULAS J232715.67+151729.5,351.8155,15.2919
NLTT 27966B,174.1654,48.8778
WISE J044633.45-242956.8,71.6399,-24.5002
SDSS J075656.54+231458.5,119.2346,23.2493
PSO J036.9069+08.5025,36.9059,8.5029
WISEA J023749.81-260543.8,39.4577,-26.0954
2MASS J12535039-4211215,193.4599,-42.1893
ULAS J222711-004547,336.7954,-0.763
WISE J052857.68+090104.4,82.2405,9.018
2MASS J13451417+4757231,206.3091,47.9564
PSO J334.2624+28.9438,334.2621,28.944
CWISE J050626.96+073842.4,76.6122,7.6456
SIMP J10391406-1904471,159.8087,-19.0797
SIMP J15371974-0800344,234.3323,-8.0096
WISEA J085633.87-181546.6,134.1409,-18.2622
PSO J159.0433-27.6357,159.0434,-27.6349
2MASS J03511847-1149326,57.827,-11.8257
2MASS J04062677-3812102,61.6115,-38.2028
2MASS J11271382-3735076,171.8075,-37.5855
SIMP J18115567+2728407,272.982,27.478
SIMP J10144907+1900041,153.7046,19.0011
2MASS J16195827-2832276,244.9928,-28.541
2MASS J15500191+4500451,237.508,45.0126
SIMP J03070255+0852139,46.7606,8.8706
2MASS J02151451+0453179,33.8105,4.8883
2MASS J22062157-6116284,331.5898,-61.2744
PSO J153.7969-11.3631,153.7971,-11.363
WISEA J044105.56+213001.5,70.2729,21.5005
2MASS J17161258+4125143,259.0525,41.4206
WISEA J204902.80-745613.5,312.2607,-74.9368
ULAS J093930.74+065309.8,144.8783,6.8862
USco J163919.15-253409.9,249.8294,-25.5683
2MASS J11213919-1053269,170.4133,-10.8909
ULAS J113850.09-002451.3,174.7086,-0.4141
SDSS J144128.52+504600.4,220.3688,50.7669
PSO J063.1519-02.8904,63.1516,-2.8903
SDSS J232804.58-103845.7,352.0191,-10.6459
SIMP J11272648+1234310,171.8602,12.5753
ULAS J150140.69-005146.8,225.4198,-0.8629
PSO J321.1619+18.8243,321.1612,18.8241
SDSS J024256.98+212319.6,40.7373,21.3888
SDSS J082030.12+103737.0,125.1257,10.627
PSO J162.0614+13.9756,162.0614,13.976
SDSS J141659.78+500626.4,214.2495,50.1073
WISE J17405782+1317094,265.241,13.2865
2MASS J15163838+3333576,229.1599,33.566
ULAS J094136.50+094214.2,145.4025,9.704
PSO J244.1180+06.3598,244.1184,6.3598
WISEA J013556.99-620245.5,23.9863,-62.0462
SIMP J12173549+0708334,184.3978,7.1426
WISEA J223444.44-230916.1,338.6838,-23.1544
ULAS J223756.91+071656.8,339.4874,7.2826
PSO J048.9806+07.5414,48.9804,7.5412
SDSS J103321.92+400549.5,158.3412,40.0973
SIMP J12184982-1332525,184.7074,-13.5478
2MASS J01414428+2227409,25.4346,22.4614
SDSS J121659.17+300306.3,184.2465,30.0516
2MASS J13081228+6103486,197.0512,61.0635
SIMP J11171536+1857037,169.3139,18.951
Cha 130540-773958,196.42,-77.6662
2MASS J13064517+4548552,196.6881,45.8151
Luhman 16,162.3288,-53.3195
ULAS J124052.92+112940.4,190.2205,11.4944
2MASS J04433761+0002051,70.9067,0.0348
2MASSI J0652307+471034,103.128,47.1764
DENIS-P J0652197-253450,103.0823,-25.5807
2MASSW J1555157-095605,238.8157,-9.935
2MASS J17502484-0016151,267.6034,-0.2708
2MASS J18000116-1559235,270.0049,-15.99
2MASSI J2057540-025230,314.4754,-2.8751
2MASS J15200224-4422419,230.0091,-44.3785
WISEP J180026.60+013453.1,270.1103,1.5825
WISEP J060738.65+242953.4,91.9126,24.4991
SSSPM J2356-3426,359.0451,-34.4346
DENIS-P J0751164-253043,117.8183,-25.512
2MASSI J0847287-153237,131.8698,-15.5437
2MASS J06244595-4521548,96.1914,-45.3652
2MASSW J0320284-044636,50.1182,-4.7768
DENIS-P J1733423-165449,263.4261,-16.9139
2MASS J05445741+3705039,86.2392,37.0845
2MASS J20360316+1051295,309.0132,10.8582
Gl 417BC,168.1068,35.8035
DENIS-P J122813.8-154711,187.0635,-15.793
DENIS-P J0812316-244442,123.1322,-24.7451
2MASS J02284355-6325052,37.1811,-63.4182
2MASS J22551861-5713056,343.8274,-57.2184
2MASS J09153413+0422045,138.8923,4.368
DENIS-P J153941.96-052042.4,234.9247,-5.3452
2MASS J23224684-3133231,350.6951,-31.5565
DENIS-P J0615493-010041,93.9557,-1.0116
2MASS J06411840-4322329,100.3268,-43.3757
Gaia J062317.14+263131.8,95.8214,26.5255
DENIS-P J1048278-525418,162.1161,-52.905
2MASS J13595510-4034582,209.9796,-40.5829
PSO J318.4243+35.1277,318.4239,35.128
DENIS-P J090957.1-065806,137.4895,-6.9718
2MASS J15485834-1636018,237.243,-16.6006
2MASS J07231462+5727081,110.8109,57.4522
SSSPM J0109-4955,17.2883,-49.9148
2MASSW J0717163+570543,109.3178,57.0953
2MASS J21501592-7520367,327.5657,-75.3435
2MASSI J1017075+130839,154.2815,13.1444
WISEA J055007.94+161051.9,87.5323,16.1819
WISE J174102.78-464225.5,265.2615,-46.7059
2MASS J09352803-2934596,143.8668,-29.5832
2MASS J01390900+8109597,24.7877,81.1667
Gaia J164824.31-291310.0,252.1013,-29.2194
WISE J003110.04+574936.3,7.7892,57.8268
2MASSW J0058425-065123,14.6773,-6.8567
2MASS J20025073-0521524,300.7113,-5.3646
2MASS J12312141+4959234,187.8392,49.9898
WISEA J134824.42-422744.9,207.1024,-42.4623
VHS J125601.92-125723.9 b,194.0076,-12.9574
WISE J185101.83+593508.6,282.7574,59.5845
PSO J004.7818+41.0231,4.7815,41.0235
2MASS J20343769+0827009,308.657,8.4503
Gaia J064025.19-235219.4,100.105,-23.8721
2MASS J13411160-3052505,205.2984,-30.8807
2MASS J08230838+6125208,125.7847,61.4224
2MASS J19285196-4356256,292.2166,-43.9404
2MASS J23302258-0347189,352.5942,-3.7886
2MASSI J1010148-040649,152.5615,-4.1139
2MASSI J0859254-194926,134.856,-19.824
WISEA J060742.13+455037.0,91.9251,45.8453
WISEA J173453.90-481357.9,263.7251,-48.2321
WISEA J053424.45+165255.0,83.6021,16.8822
2MASS J11000965+4957470,165.0402,49.963
TWA 29,191.309,-44.4855
SDSS J155120.86+432930.3,237.837,43.4918
2MASS J16452207+3004071,251.3419,30.0686
2MASSI J0117474-340325,19.4479,-34.0572
2MASS J23392527+3507165,354.8553,35.1213
2MASS J20261584-2943124,306.566,-29.7203
2MASS J21512543-2441000,327.8562,-24.6833
2MASSW J0928397-160312,142.1654,-16.0535
2MASS J23433470-3646021,355.8946,-36.7673
2MASS J02410564-5511466,40.2735,-55.1963
2MASSI J0103320+193536,15.8837,19.5935
2MASSW J0326137+295015,51.557,29.8376
CWISE J053204.60+111955.1,83.0189,11.3321
2MASS J22444905-3045535,341.2044,-30.7649
2MASS J23512200+3010540,357.8417,30.1816
SDSS J165450.79+374714.6,253.7116,37.7874
2MASS J02340093-6442068,38.5039,-64.702
2MASS J05161597-3332046,79.0666,-33.5346
2MASS J05104958-1843548,77.7067,-18.7319
PSO J136.5494-06.1944,136.5493,-6.1944
2MASSI J0753321+291711,118.384,29.2866
WISEA J053257.29+041842.5,83.2379,4.3131
SDSS J145502.93+261919.6,223.7619,26.3222
2MASS J17561080+2815238,269.0449,28.2565
2MASS J01385967+8110079,24.7488,81.169
SIMP J04323767-0639501,68.157,-6.664
2MASS J21420580-3101162,325.5243,-31.0212
2MASSI J0125369-343505,21.4038,-34.5847
2MASS J21481326-6323265,327.0553,-63.3908
SDSS J104335.08+121314.1,160.8962,12.2208
2MASSW J0740096+321203,115.0402,32.2008
SDSS J020735.60+135556.3,31.8983,13.9323
2MASSW J1743415+212707,265.9229,21.452
2MASS J18392735+4424484,279.864,44.4134
2MASS J12070374-3151298,181.7655,-31.8583
2MASS J02583123-1520536,44.63,-15.3484
PSO J009.8334+58.5781,9.8318,58.5785
SDSS J145255.58+272324.4,223.2318,27.3904
2MASS J15552840+5918155,238.8683,59.3043
2MASS J19564700-7542270,299.1959,-75.7075
2MASS J01414839-1601196,25.4516,-16.0221
2MASS J01531463-6744181,28.311,-67.7384
2MASS J14313097+1436539,217.8788,14.615
2MASS J23255604-0259508,351.4836,-2.9975
NLTT 1011B,4.8865,40.3159
HIP 85365B,261.5931,-5.0364
2MASS J09481259+5300387,147.0525,53.0107
SIMP J15102256-1147125,227.594,-11.7868
2MASS J21555848+2345307,328.9936,23.7585
2MASS J06272161-5308428,96.8401,-53.1452
2MASSW J0929336+342952,142.3901,34.498
2MASS J10315064+3349595,157.9609,33.8332
WISEA J124135.42-245748.9,190.3984,-24.9629
2MASSW J0829570+265510,127.4878,26.9195
2MASS J09553336-0208403,148.889,-2.1447
PSO J276.8234+22.4380,276.8232,22.438
WISEA J195311.04-022954.7,298.2965,-2.4974
SDSS J084307.95+314129.2,130.7831,31.6915
SDSS J154009.36+374230.3,235.0392,37.7088
2MASS J03420931-2904317,55.5389,-29.0755
WISEA J203751.31-421645.2,309.4629,-42.2781
PSO J108.4590+38.2086,108.4591,38.2087
WISE J200403.17-263751.7,301.013,-26.6293
SDSS J020551.36-075925.0,31.4641,-7.9903
WISEA J130729.56-055815.4,196.8743,-5.9708
SDSS J065405.63+652805.4,103.5235,65.4681
2MASSW J2101154+175658,315.3145,17.9496
PSO J218.5616-27.8952,218.5619,-27.8952
2MASS J12594167+1001380,194.9237,10.0274
WISEA J171454.88+064349.8,258.7288,6.7314
CWISE J063649.77-542429.2,99.2072,-54.4089
WISE J150406.66-455223.9,226.0309,-45.8724
SIMP J09155650+0514212,138.9854,5.2392
SDSS J214046.55+011259.7,325.1941,1.2165
WISEA J233333.46+025128.4,353.3886,2.8573
PSO J280.2973+63.2600,280.2976,63.2596
SDSS J100711.74+193056.2,151.7994,19.5155
HIP 59933B,184.402,14.4534
PSO J167.1132+08.6331,167.114,8.6341
2MASS J19415458+6826021,295.4772,68.4339
2MASS J01392388-1845029,24.8495,-18.7508
WISEA J130523.06-395104.9,196.347,-39.8513
2MASS J21513979+3402444,327.9159,34.0457
2MASS J22295358+1556180,337.4733,15.9384
SIMP J09213274-1534290,140.3865,-15.5749
Hya12,68.9288,13.3959
WISEA J041353.96-202320.3,63.4749,-20.3879
PSO J041.5426+01.9456,41.5425,1.9458
2MASS J06143818+3950357,93.6591,39.8432
PSO J313.1067+32.9117,313.1064,32.9119
PSO J313.6-027.7,313.6806,-27.7643
SDSS J081812.28+331048.2,124.5513,33.18
WISEA J201204.11+672608.0,303.0158,67.4351
SDSS J062621.22+002934.2,96.5884,0.4928
SDSS J102552.43+321234.0,156.4681,32.2097
2MASS J12474944-1117551,191.9561,-11.2987
WISEA J071138.88+370601.0,107.9123,37.1011
WISEA J030845.36+325923.1,47.188,32.9908
SIMP J13183258-0632057,199.6357,-6.535
PSO J054.8149-11.7792,54.8149,-11.779
2MASS J15575011-2952431,239.4588,-29.8787
PSO J183.9318-09.7914,183.932,-9.7914
2MASS J04214620-0025072,65.4426,-0.4187
NLTT 35593B,208.6462,-6.126
SIMP J15014711-1831272,225.4463,-18.5242
2MASSI J2054358+151904,313.6493,15.3178
WISEA J134310.44-121628.8,205.7945,-12.2739
PSO J331.9397-07.0570,331.9393,-7.0567
WISEA J201530.67-421542.5,303.8774,-42.2615
2MASS J15442544+0750572,236.1061,7.8491
SDSS J154508.93+355527.3,236.2872,35.9245
PC 0025+0447,6.9249,5.0616
2MASS J14140586+0107102,213.5244,1.1195
PSO J213.3-027.3,213.3741,-27.1459
SDSS J111320.16+343057.9,168.3339,34.5161
2MASS J14554511+3843329,223.9378,38.7259
SIMP J10414238-0429259,160.4266,-4.4907
SIMP J21503911-0412117,327.663,-4.2033
WISEA J193430.11-421444.3,293.6262,-42.2446
WISEPA J183058.57+454257.9,277.7436,45.7156
2MASS J15202471+2203340,230.1029,22.0596
SIMP J22552905-0725440,343.8712,-7.429
SDSS J211846.77-001044.6,319.6949,-0.1791
SDSS J000250.98+245413.8,0.7124,24.9039
LSPM J1336+2541B,204.1043,25.6769
PSO J143.6774-29.8356,143.6774,-29.8354
SDSS J152531.32+581053.1,231.3805,58.1813
LSPM J0632+5053B,98.2021,50.8931
SDSS J134525.57+521634.0,206.3566,52.2761
2MASS J12260640+1756293,186.5265,17.9414
2MASSI J0835425-081923,128.9272,-8.3232
2MASS J18212815+1414010,275.3673,14.2336
SIPS J2045-6332,311.26,-63.5352
DENIS-P J025503.3-470049,43.7654,-47.0143
2MASS J21481628+4003593,327.0679,40.0665
2MASSW J1645221-131951,251.3421,-13.3312
2MASSW J1108307+683017,167.1282,68.5046
2MASSI J0523382-140302,80.9093,-14.0506
2MASS J09211410-2104446,140.3088,-21.079
DENIS-P J0823031-491201,125.7631,-49.2003
WISEP J190648.47+401106.8,286.7003,40.1857
WISEP J004701.06+680352.1,11.7517,68.0651
2MASS J17534518-6559559,268.4383,-65.9988
2MASS J07414279-0506464,115.4283,-5.1129
CWISE J061741.79+194512.8,94.4246,19.7538
WISE J040418.01+412735.6,61.0753,41.461
SDSSp J053951.99-005902.0,84.9667,-0.9837
2MASS J06085283-2753583,92.2201,-27.8995
2MASS J19251275+0700362,291.3032,7.0101
WISE J140533.32+835030.5,211.4051,83.8402
2MASSW J1004392-333518,151.1638,-33.5886
DENIS-P J0716478-063037,109.1996,-6.5103
2MASSI J2238074+435317,339.5311,43.8882
2MASS J11263991-5003550,171.6658,-50.0652
2MASS J00145575-4844171,3.7324,-48.738
SDSS J202820.32+005226.5,307.0848,0.8741
WISEA J071552.38-114532.9,108.9661,-11.758
2MASS J07193188-5051410,109.8828,-50.8614
2MASS J05264348-4455455,81.6812,-44.9293
2MASS J19360187-5502322,294.0078,-55.0423
2MASS J07555430-3259589,118.9762,-32.9997
2MASS J17065487-1314396,256.7286,-13.2444
Gaia J183610.72+031524.6,279.0446,3.2563
2MASS J22425317+2542573,340.7217,25.7159
2MASS J04210718-6306022,65.28,-63.1006
2MASS J01415823-4633574,25.4926,-46.5659
WISEA J065958.55+171710.9,104.9938,17.2877
WISEA J032301.88+562558.0,50.7568,56.4339
WISE J160018.05-454332.7,240.0771,-45.7237
2MASS J07415784+0531568,115.491,5.5325
2MASS J23140244+6939368,348.51,69.6603
WISE J064336.71-022315.4,100.9029,-2.387
2MASSW J2206450-421721,331.6875,-42.2892
G 259-20B,265.7852,85.4499
2MASS J20414283-3506442,310.4285,-35.1123
2MASS J21265040-8140293,321.7098,-81.6748
2MASS J21075409-4544064,316.9754,-45.7351
CWISE J091735.38-634451.2,139.3982,-63.7477
DENIS J2013108-124244,303.2951,-12.7126
WISEA J064750.85-154616.4,101.9616,-15.7716
WISEA J214155.85-511853.1,325.4795,-51.3141
2MASSW J1036530-344138,159.2211,-34.694
2MASS J22351658-3844154,338.8191,-38.7376
SIPS J0614-2019,93.5499,-20.3218
WISEA J072352.62-330943.5,110.9694,-33.1624
Gaia J073408.90-433025.6,113.5371,-43.5071
WISE J092055.40+453856.3,140.2312,45.6514
WISEA J090258.99+670833.1,135.7469,67.1431
2MASS J07123786-6155528,108.1577,-61.9313
PSO J318.5338-22.8603,318.5335,-22.86
2MASS J16154255+4953211,243.9275,49.8893
2MASS J23225299-6151275,350.7209,-61.8576
2MASS J05361998-1920396,84.0833,-19.3444
2MASS J18462188-5706040,281.5911,-57.1011
2MASSI J0034568-070601,8.7369,-7.1004
PSO J306.0126+16.7969,306.0125,16.7972
DENIS-P J1323-1806,200.8999,-18.1105
WISE J064205.58+410155.5,100.5233,41.0331
PSO J306.0928-06.6429,306.0926,-6.6422
2MASS J20484222-5127435,312.1759,-51.4621
2MASS J08441409-2924121,131.0587,-29.4035
WISE J191915.54+304558.4,289.8134,30.7651
2MASS J02441019-3548036,41.0425,-35.801
2MASS J10461875+4441149,161.5783,44.6874
2MASS J09555995-7342489,148.9998,-73.7136
HD 46588B,101.612,79.5835
SDSS J120610.49+624257.2,181.5438,62.716
PSO J004.7148+51.8918,4.7133,51.8918
SDSS J075752.70+091410.0,119.4698,9.2362
CD-28 8692 B,167.6217,-29.4219
WISEA J114724.10-204021.3,176.8508,-20.6723
WISEA J122221.95-213948.6,185.5924,-21.663
2MASS J22114470+6856262,332.9361,68.9406
2MASS J20334473-5635338,308.4365,-56.5928
PSO J087.7749-12.6537,87.7754,-12.6536
WISEA J190722.56+472745.3,286.8439,47.4629
2MASS J23313131+2041273,352.8806,20.6909
SDSS J084751.48+013811.0,131.9645,1.6364
WISEA J062858.69+345249.2,97.2445,34.8812
2MASS J01472702+4731142,26.8625,47.5207
2MASS J19163888-3700026,289.1621,-37.0007
WISEA J070534.00-183925.6,106.3926,-18.6575
WISEA J162341.27-740230.4,245.9227,-74.0406
2MASS J20113196-5048112,302.8833,-50.8032
WISEA J082000.48-662211.9,125.0031,-66.3709
2MASS J19350976-6200473,293.7907,-62.0131
2MASSW J0242435+160739,40.6815,16.1275
WISE J195113.62-331116.7,297.8064,-33.1869
SDSS J165850.26+182000.6,254.7096,18.3334
WISEA J205202.06-204313.0,313.0074,-20.72
PSO J334.8034+11.2278,334.8035,11.228
WISEA J043718.77-550944.0,69.3277,-55.1625
WISEA J000856.39-281321.7,2.2341,-28.2227
2MASS J13550323-8258375,208.7635,-82.9771
WISEA J032049.31-532656.7,50.2051,-53.4485
PSO J071.4708+36.4930,71.4707,36.4934
2MASS J07244848+2506143,111.202,25.1039
2MASSW J0708213+295035,107.089,29.843
2MASS J08204440-7514571,125.1848,-75.2492
WISEA J042949.41-783705.6,67.4512,-78.6195
SIMP J09455513-0757441,146.4797,-7.9623
2MASS J19495702+6222440,297.4876,62.3789
PSO J143.8+001.7,143.8835,1.7977
2MASS J01165802+4333081,19.2418,43.5523
SIMP J11470302-1032547,176.7626,-10.5486
WISEPC J134806.99+660327.8,207.0283,66.0586
PSO J260.3363+46.6739,260.3361,46.6747
WISEA J055959.30-583546.0,89.9974,-58.5959
WISEA J082624.09-601202.8,126.6012,-60.2001
ULAS J154038.87-001256.7,235.1615,-0.216
SIMP J17563950+3343002,269.1646,33.7167
2MASS J03302948+3910242,52.6229,39.1736
2MASS J22035781+0713492,330.9909,7.2303
PSO J179.2489+41.5121,179.2496,41.5121
ULAS J150927.83+034449.7,227.366,3.7472
SIMP J09463358+1808211,146.6398,18.139
PSO J349.3359+32.0532,349.3358,32.0534
WISEA J050259.73-610206.1,75.7485,-61.0344
PSO J078.9904+31.0171,78.9903,31.0172
WISEA J180839.55+070021.7,272.1656,7.0066
SDSS J204317.69-155103.4,310.8237,-15.8509
2MASS J17570962+4325139,269.29,43.4205
PSO J316.5156+04.1173,316.5156,4.1174
PSO J182.6569-26.6197,182.6573,-26.6197
2MASS J09512690-8023553,147.8618,-80.3986
WISEA J010631.20-231415.1,16.6309,-23.237
